location_id,lat,lon,pop_density,pct_no_vehicle,median_income
224,42.0555421,-87.6718834,5575.47,19.66,56463.0
886,41.7681043,-87.6979987,3108.61,5.76,41032.0
21,42.0312824,-87.9437284,2081.49,4.07,60470.0
22,41.5839406,-87.601073,925.91,2.17,84250.0
23,41.5732305,-87.5417612,2019.49,2.61,65227.0
24,42.1130825,-87.7551783,1021.27,0.94,250001.0
25,42.0297739,-87.8113312,2483.89,1.37,99271.0
26,42.0196065,-87.8378985,1738.87,1.48,131979.0
27,42.0751828,-87.7149697,2693.3,1.0,231919.0
28,42.0843196,-87.692113,1907.58,0.0,243333.0
29,41.8407572,-87.712252,9853.82,6.55,28442.0
30,41.8626611,-87.7128746,3986.17,22.59,24120.0
31,41.7706621,-87.6089474,6096.72,6.88,41910.0
32,42.06036,-87.8491466,3127.9,4.76,53893.0
33,41.8714964,-87.6984897,3184.68,14.18,58167.0
34,42.0226798,-87.9322771,1105.61,7.17,73859.0
35,41.8479904,-87.7173343,8665.92,11.72,48915.0
36,41.848072,-87.7124504,14556.69,10.4,46554.0
37,41.847029,-87.6979734,11394.11,3.12,34608.0
38,41.8484171,-87.6914771,10802.46,23.26,50040.0
39,41.5634411,-87.5356299,2287.74,0.0,65190.0
40,41.5610697,-87.565853,2215.53,14.95,62917.0
41,41.7179309,-87.6131964,1246.39,1.97,67135.0
42,42.0843917,-87.9166479,1972.57,0.0,125370.0
43,42.0742533,-87.9076154,891.06,0.71,116136.0
44,41.6622934,-87.6521851,2012.67,9.39,66522.0
45,41.7760362,-87.7714298,6710.05,4.95,79231.0
46,41.7764111,-87.7519356,4732.97,3.37,72297.0
47,41.7748241,-87.7397422,4605.7,8.23,38365.0
48,41.7823766,-87.7178549,6863.45,7.01,59966.0
49,41.7979614,-87.5896248,11582.24,47.22,58396.0
50,42.0795988,-87.8456411,1470.0,0.0,135625.0
51,42.1170205,-87.9319108,2629.02,4.33,76045.0
52,41.5918128,-87.8275417,1785.15,1.05,93380.0
53,41.9972772,-87.6556425,28088.77,43.8,45865.0
54,41.8950347,-87.6197175,7704.32,51.44,74432.0
55,41.7693907,-87.5616155,7800.28,26.67,50625.0
56,41.9700602,-87.8361806,3282.16,1.12,81250.0
57,42.1164128,-87.9496249,1360.49,3.09,102961.0
58,41.972545,-87.6788181,7602.3,12.09,94132.0
59,41.9672886,-87.6524343,29106.97,18.53,48889.0
60,41.8991538,-87.626212,23919.1,34.13,128955.0
61,41.9345407,-87.6430239,31883.04,57.74,66447.0
62,41.7611807,-87.6398423,3234.75,35.07,17500.0
63,41.8613456,-87.6305315,5249.86,11.17,128000.0
64,41.832097,-87.6818813,4387.23,13.74,65909.0
65,42.0013156,-87.6936373,10859.16,5.05,83839.0
66,41.7550528,-87.6002666,2809.4,7.11,22363.0
67,41.9428559,-87.7174955,5467.78,12.14,96318.0
68,41.927595,-87.7880067,4008.58,3.25,76914.0
69,41.9256105,-87.7976148,4850.07,5.54,63839.0
70,42.1478319,-88.0178649,5740.53,6.14,68958.0
71,41.8711388,-87.616881,10041.56,41.38,108320.0
72,41.9153214,-87.73226,8204.83,14.0,55326.0
73,41.9147981,-87.6769966,7907.61,6.15,177500.0
74,41.970556,-87.8168604,3870.65,5.15,102955.0
75,41.9157411,-87.6922565,11013.74,8.21,132226.0
76,41.8741751,-87.6619349,5170.74,27.31,75878.0
77,41.9160827,-87.8595375,997.72,1.56,63035.0
78,41.7910414,-87.6231791,8076.06,37.58,22463.0
79,41.8347817,-87.605979,4292.76,27.77,54688.0
80,41.8274019,-87.6240909,4843.24,49.88,74319.5
81,41.8268855,-87.6098876,7205.53,24.79,26638.0
82,41.7828633,-87.620558,5611.0,65.79,21029.0
83,41.8015021,-87.5793434,10190.09,45.86,51471.0
84,41.7978308,-87.6037423,12946.23,25.68,70833.0
85,41.7979687,-87.5989422,8915.93,29.8,39461.0
86,42.030206,-87.6846291,6376.26,5.56,93056.0
87,42.0228223,-87.6833402,7579.53,11.96,71948.0
88,42.0253099,-87.7016081,2666.06,0.67,89390.0
89,41.87175,-87.8517415,3519.83,2.72,80211.0
90,41.8511914,-87.8737524,1689.84,0.61,121328.0
92,41.7437212,-87.6195424,3590.44,6.3,46747.0
93,41.7979128,-87.6476808,3119.28,10.27,27583.0
94,41.7980175,-87.7180257,5728.39,0.31,68438.0
95,41.7955215,-87.7292339,3375.73,1.61,62250.0
96,41.6856566,-87.685071,2802.45,0.0,104009.0
97,41.6846154,-87.6712334,1806.03,4.03,52880.0
98,41.8143023,-87.8672573,2349.5,1.35,92337.0
99,41.6956647,-87.6714247,2395.64,3.45,75250.0
100,41.6953911,-87.6861726,3847.3,3.22,119000.0
101,41.8713668,-87.6886812,5105.89,11.96,79330.0
102,41.8702683,-87.6849136,9111.7,13.04,81286.0
103,41.7931041,-87.6131828,982.28,11.6,84293.0
104,42.0596774,-88.0151586,2490.43,0.83,76679.0
105,41.8085114,-87.6139992,7371.8,7.79,44757.0
106,41.8076202,-87.6214298,5099.61,18.64,34300.0
107,41.9165283,-87.8100724,5934.24,4.2,53679.0
108,41.915668,-87.8197163,2559.07,0.0,94743.0
109,41.7978466,-87.652536,4040.98,26.3,47300.0
110,41.7895025,-87.7304438,7135.78,1.12,67292.0
111,41.7896382,-87.7181682,6917.76,5.18,53575.0
112,41.9602807,-87.8259863,2313.99,3.84,78798.0
113,42.0594171,-87.9322202,2209.26,4.07,132232.0
114,42.0446148,-87.9309674,2359.72,1.36,123337.0
115,41.7461465,-87.5357286,894.05,20.68,47790.0
116,41.8830061,-87.8545258,4114.01,4.51,55473.0
117,41.8930003,-87.838256,3638.51,4.96,91638.0
118,41.6065576,-87.5366783,1330.57,12.3,50918.0
119,41.6152862,-87.60649,1771.38,9.22,65679.0
120,42.0070209,-87.7354065,1627.09,0.55,93958.0
121,42.0050636,-87.7194386,1938.0,0.61,87460.0
122,42.0157619,-88.2532379,822.17,0.48,72237.0
123,42.0333408,-87.7851412,1639.82,0.61,77500.0
124,42.0322813,-87.7667893,3385.04,3.7,74539.0
125,41.8921425,-87.6098541,27127.37,49.51,114052.0
126,41.9808148,-87.6545286,102265.55,22.52,69050.0
127,41.7409356,-87.6011636,5290.79,28.28,40565.0
128,41.7409599,-87.609762,3534.61,14.41,31537.0
129,42.1432824,-87.995232,1369.4,0.88,85000.0
130,42.0988769,-87.9319458,655.97,0.0,126429.0
131,41.9261554,-87.7215651,11550.91,13.81,75625.0
132,41.9347647,-87.639854,33845.16,46.3,94173.0
133,41.8766958,-87.7521051,8423.18,29.95,47979.0
134,41.7835957,-87.6983926,9377.09,8.81,44329.0
135,41.7799541,-87.6982872,10752.1,19.46,24628.0
136,41.9788749,-87.6578708,15598.37,32.22,56667.0
137,41.9374013,-87.7223301,9154.33,13.61,61678.0
138,41.959398,-87.7032936,9154.65,12.43,83333.0
139,41.9432305,-87.6434679,21939.43,54.94,61563.0
140,41.8408329,-87.707371,9912.41,16.83,45326.0
141,41.9799123,-87.664188,7465.45,21.02,96069.0
142,41.5378384,-87.5990585,359.39,3.69,69342.0
143,41.7276936,-87.7947697,2559.41,4.17,72540.0
144,41.8494406,-87.7983382,4268.59,7.67,63677.0
145,41.8533777,-87.7897934,10606.64,5.56,56410.0
146,41.6672678,-87.7752955,1225.2,0.48,99299.0
147,41.6174076,-87.7384991,1827.42,0.0,86560.0
148,41.6908498,-87.7928456,2642.2,9.05,53039.0
149,41.6616416,-87.7231142,1031.73,1.86,51951.0
150,41.5952933,-87.7748334,709.7,0.54,88889.0
151,41.9036197,-87.840829,2412.98,0.83,88622.0
152,41.5478031,-87.6447281,1845.95,1.07,101371.0
153,41.5431384,-87.6252653,647.66,2.43,68785.0
154,41.5161624,-87.634952,1179.5,4.12,57174.0
155,41.5714081,-87.6846102,1486.69,2.11,63104.0
156,41.5321711,-87.6427436,1995.42,0.0,76591.0
157,41.7976329,-87.676898,5947.54,8.35,74319.5
158,41.8418857,-87.6320356,5614.57,13.96,49309.0
159,41.8914374,-87.9119067,1159.26,0.62,78566.0
160,41.9854357,-87.8694197,489.59,3.37,65300.0
161,42.0479477,-87.9024646,1312.21,0.8,108386.0
162,41.7651434,-87.5592324,11908.16,13.25,30561.0
163,42.0113034,-87.7900018,783.63,0.8,56131.0
164,41.5644165,-87.7040282,1230.84,3.24,64360.0
165,41.9032163,-87.8808408,5024.37,0.0,74070.0
166,41.8833934,-87.7894754,4665.59,3.76,88717.0
167,41.9729098,-87.6467854,10839.75,17.71,64598.0
168,41.727213,-87.7590953,2725.16,0.0,86299.0
169,41.8453738,-87.7754192,7220.97,2.76,61552.0
170,41.8393764,-87.7953526,4531.56,0.46,95781.0
171,41.8313704,-87.796191,3762.92,5.14,55347.0
172,41.8383064,-87.7840493,5206.06,1.91,59895.0
173,41.4838564,-87.6810647,2208.77,0.0,39488.0
174,41.4749198,-87.6918353,1570.99,2.27,59036.0
175,41.721552,-87.7315013,2078.27,3.32,56963.0
176,41.6650626,-87.535333,862.51,2.19,74319.5
177,41.9833305,-87.6819934,2033.45,12.25,93576.0
178,41.8955765,-87.8603346,5705.89,4.23,68818.0
179,41.8943837,-87.850982,4836.55,2.84,57771.0
180,42.0472355,-87.7735988,1786.79,1.93,128254.0
181,41.8925555,-87.6262274,17236.11,35.6,151626.0
182,41.8921061,-87.6288738,28913.18,56.22,157623.0
183,41.9159095,-87.6838262,9706.85,20.93,184727.0
184,41.9156825,-87.6995874,9136.46,5.84,147582.0
185,41.9156388,-87.7044798,10012.2,15.62,90313.0
186,41.7755436,-87.8503092,150.4,0.21,73750.0
187,41.7975991,-87.6719762,5625.78,6.47,21701.0
188,41.8090439,-87.8808243,2366.52,0.79,171719.0
189,41.9196293,-87.7509763,8086.98,9.0,50513.0
190,42.0799943,-88.0963712,330.05,0.0,152386.0
191,42.0019817,-87.7750065,1577.21,0.0,160461.0
192,42.0562765,-88.1185694,2391.17,1.48,75563.0
193,42.1203621,-88.0953704,646.53,0.55,191691.0
194,41.827754,-87.6141894,6220.03,44.24,18220.0
195,41.5924803,-87.6384956,638.96,9.92,63619.0
196,42.0214424,-87.7224577,1431.61,1.14,101432.0
197,41.7762929,-87.9032324,1146.92,0.36,131694.0
198,41.6049296,-87.5647849,635.63,2.29,41614.0
199,41.7069648,-87.7841873,1992.97,4.27,66059.0
200,41.8911035,-87.7603538,6322.32,29.31,40077.0
202,42.0029705,-87.8510299,1945.78,1.38,157411.0
203,41.9995625,-88.0881175,950.91,0.0,88412.0
204,41.8983354,-87.6207531,29675.9,33.03,116424.0
205,41.9002655,-87.6321089,27273.12,59.2,79556.0
206,41.9491248,-87.7968278,3560.66,2.79,85774.0
207,41.9489081,-87.8127107,5187.05,0.0,103016.0
208,41.9500779,-87.8288957,3352.3,1.59,87786.0
209,41.9412943,-87.8307016,4395.04,4.46,76346.0
210,41.9889077,-87.6549359,25178.61,34.12,51808.0
211,41.9061407,-87.621805,16821.57,29.33,177619.0
212,41.9347312,-87.6346613,5063.59,25.0,102500.0
213,41.5872064,-87.5721404,475.17,0.0,103958.0
214,41.4843254,-87.6353892,776.8,9.84,52115.0
215,41.9284647,-87.6950863,6127.05,6.24,100461.0
216,41.9284314,-87.6999684,8102.01,17.09,114803.0
217,41.9283343,-87.7049877,8135.68,14.89,94867.0
218,41.9120483,-87.6994876,8884.83,7.95,130278.0
219,41.9121341,-87.6897111,9910.51,7.99,157938.0
220,41.9191816,-87.7212483,10535.72,3.89,62917.0
221,42.0291453,-87.9087421,1334.56,0.0,92569.0
222,42.0588334,-87.9118137,1953.75,0.85,99701.0
223,42.0602335,-87.7856085,600.09,1.25,156635.0
225,42.0243946,-88.0174933,415.73,0.0,78727.0
226,42.0123941,-87.9044885,850.8,1.32,80568.0
227,42.0598854,-87.8789243,887.95,11.69,50839.0
228,42.1299534,-87.8977629,679.57,4.99,92829.0
229,42.1209242,-87.9111804,903.2,0.81,69221.0
230,42.1477505,-87.9440326,2935.93,3.53,67905.0
231,42.1191707,-87.9982585,2062.69,1.14,98125.0
232,42.0631713,-88.0948089,1425.62,2.99,104286.0
233,42.0519984,-88.2425952,1638.33,3.05,79203.0
234,41.8039075,-87.747987,4708.44,3.22,56250.0
235,41.7964626,-87.7575202,5420.13,1.98,78411.0
236,42.023959,-87.9745917,857.87,2.43,88983.0
237,42.1381511,-87.748817,746.93,0.0,250001.0
238,41.7834087,-87.5773938,2140.48,11.44,21275.0
239,41.783468,-87.5935208,6477.65,26.37,30461.0
240,41.7831699,-87.6035584,5413.5,39.14,32938.0
241,41.7766914,-87.6106933,3495.61,24.2,24785.0
242,41.4953938,-87.770424,832.86,1.15,45331.0
243,41.4997145,-87.7286718,458.1,1.23,74319.5
244,41.4807728,-87.7612253,357.83,2.64,108780.0
245,41.8338266,-87.6675259,3512.91,2.41,71667.0
246,41.8420108,-87.6220362,3649.1,12.61,43090.0
247,41.9567784,-87.7818414,5774.32,2.07,72500.0
248,41.9702865,-87.7598523,5441.0,5.81,71440.0
249,41.9567979,-87.7720436,5954.65,5.18,97986.0
250,41.6223123,-87.9016915,875.68,0.0,114318.0
251,41.5736085,-87.8039867,1794.46,2.87,92039.0
252,41.8300656,-87.7239513,1031.4,3.26,59116.0
253,41.8418308,-87.639203,8649.79,12.3,66765.0
254,41.964652,-87.7210166,12235.29,11.49,59962.0
255,41.9670375,-87.7126524,13095.2,15.26,92212.0
256,41.9555841,-87.7130876,12905.01,11.34,100147.0
257,41.9565719,-87.7001738,6582.9,7.14,84955.0
258,41.7462133,-87.6903423,3930.34,5.62,66979.0
259,41.7388522,-87.6887683,2121.92,5.23,87543.0
260,41.9635482,-87.7135753,13046.28,14.49,73571.0
261,41.7583855,-87.5627859,8659.89,30.73,32031.0
262,41.747084,-87.5573879,6491.67,7.47,50056.0
263,41.7400264,-87.5563673,6566.97,35.27,31831.0
264,41.9644762,-87.7819639,5515.23,0.82,122434.0
265,41.9645676,-87.7722648,6972.69,3.81,77908.0
266,42.1181133,-87.9704677,1910.19,4.47,145100.0
267,42.0628235,-87.9744666,2290.1,0.91,99504.0
268,41.7976477,-87.6671138,6668.52,24.62,74319.5
269,42.0222276,-88.052601,1639.33,0.64,75191.0
270,41.9979683,-88.0173674,2151.89,0.58,85538.0
271,41.7264299,-87.6485425,3544.21,3.61,78819.0
272,41.8622744,-87.7446672,4469.89,3.45,51810.0
273,41.8551811,-87.7465073,12591.79,0.5,69795.0
274,41.8621602,-87.7544156,5080.87,8.71,48958.0
275,41.9335763,-87.8707053,3328.85,0.0,85577.0
276,41.7821076,-87.8126323,2084.1,5.47,49598.0
277,41.7539907,-87.7530181,2708.63,4.15,103846.0
278,41.5049432,-87.6662785,1713.16,7.43,60153.0
279,41.4969457,-87.6597613,862.99,0.0,51161.0
280,42.0596527,-87.8147419,2481.58,0.28,97946.0
281,41.8763226,-87.7953122,4106.15,2.55,145625.0
282,41.473429,-87.633043,1878.15,0.6,60878.0
283,41.9266487,-87.8748227,2606.64,9.0,78167.0
284,42.0741035,-87.6970402,2373.79,1.03,142500.0
285,42.0711418,-87.7656006,2127.88,0.88,164120.0
286,42.0865354,-87.7833677,1187.29,0.0,191319.0
287,42.0722616,-87.8115442,2014.62,0.0,163681.0
288,41.7738452,-87.6810955,3363.98,19.54,33347.0
289,41.7318773,-87.5478528,3977.26,9.11,39602.0
290,41.7273938,-87.629432,3384.21,25.36,39194.0
291,41.8422803,-87.7630429,3686.56,8.35,47679.0
292,41.8356494,-87.7456153,3315.69,3.4,68380.0
293,41.8909574,-87.7701248,5395.13,12.17,22029.0
294,41.8842766,-87.7331362,5704.96,5.85,20739.0
295,41.9606747,-87.7524131,5474.15,11.38,91038.0
296,41.9154349,-87.7150953,9444.8,7.18,84239.0
297,41.8843707,-87.7233302,3121.82,77.58,18906.0
298,41.8843243,-87.7282302,3750.94,19.89,45857.0
299,41.8914065,-87.7518037,9268.16,20.59,35417.0
300,41.8913844,-87.7444793,2652.8,2.41,52763.0
301,41.9450095,-87.6809279,8586.27,12.22,172888.0
302,42.0978018,-88.0192,656.24,0.0,79034.0
303,42.1452894,-87.863023,682.6,2.14,98328.0
304,42.0735095,-87.7527614,2035.74,1.54,137802.0
305,42.0336645,-88.1625864,2659.5,0.22,81277.0
306,41.9002211,-87.6291049,43254.11,54.85,82039.0
307,41.9414866,-87.822164,5624.04,3.57,82868.0
308,41.9415761,-87.8123713,5489.27,1.78,64769.0
309,41.66733,-87.6054488,633.75,27.64,28711.0
310,41.7382302,-87.7118234,2974.04,11.15,85208.0
311,41.8342003,-87.7582502,5225.25,2.8,52535.0
312,41.827686,-87.7635474,4595.64,0.91,62481.0
313,41.9710844,-87.7057941,12460.44,16.3,86795.0
314,42.0080063,-87.9447433,625.59,0.51,54522.0
315,41.9292624,-87.6738022,5786.1,12.84,160000.0
316,41.8920668,-87.6318681,14523.98,52.04,132903.0
317,41.8932683,-87.6378005,17418.8,30.21,164091.0
318,41.8770848,-87.7230964,6083.08,12.4,39696.0
319,41.945071,-87.6760595,8860.44,10.55,125438.0
320,41.9449466,-87.685778,8529.78,11.01,130769.0
321,41.9413024,-87.6857317,10243.88,4.98,180500.0
322,41.89799,-87.641487,8091.95,23.19,195083.0
323,41.8272402,-87.6277309,5691.22,28.07,63235.0
324,41.9222261,-87.8453739,1516.63,1.94,77912.0
325,41.9633197,-87.8664226,1470.76,3.32,74557.0
326,42.0946763,-88.076868,816.98,0.0,170819.0
327,42.097126,-87.9129492,1376.89,3.76,120580.0
328,42.109026,-88.0354428,1247.25,1.08,121167.0
329,41.9217011,-87.6559114,13938.56,24.72,202115.0
330,41.9218547,-87.6462106,7337.02,36.17,125581.0
331,41.9217794,-87.6414578,13337.34,30.91,118878.0
332,41.9752907,-87.7832349,4381.04,1.49,115833.0
333,41.95272,-87.6605008,5637.91,23.49,54250.0
334,41.8766639,-87.7377282,5234.73,15.77,39102.0
335,41.8771076,-87.732867,7521.37,16.75,47708.0
336,41.8770565,-87.7279962,4629.39,8.43,42917.0
337,41.9605179,-87.7622859,5482.05,2.08,86290.0
338,41.9352176,-87.7443889,7395.27,19.46,61250.0
339,41.906707,-87.6846857,5174.98,14.51,131875.0
340,41.9727092,-87.657341,18182.1,43.42,24389.0
341,41.9865589,-87.7133915,6989.29,9.56,66154.0
342,41.7822221,-87.7302252,7275.95,0.77,92357.0
343,42.0938317,-87.8050602,1115.28,3.05,105766.0
344,41.7919816,-87.8070328,4155.72,1.15,55845.0
345,41.7276001,-87.5590911,1998.56,27.61,46250.0
346,41.6895204,-87.5404,2514.28,0.55,99688.0
347,41.7752461,-87.7079271,6518.68,2.1,42247.0
348,41.7772873,-87.6933406,8880.85,7.61,36729.0
349,41.5092569,-87.6483161,2130.96,1.61,53368.0
350,41.518378,-87.663778,1247.65,0.61,82128.0
351,41.7011139,-87.5395629,6182.48,3.41,50276.0
352,41.703008,-87.5307029,6056.99,9.0,49505.0
353,41.6931158,-87.5308719,4924.11,4.03,87381.0
354,41.5900892,-87.5950871,2020.05,7.33,65238.0
355,42.0564377,-87.9512516,1603.33,0.27,133456.0
356,42.0423539,-87.9507693,3940.97,0.44,71682.0
357,41.8700996,-87.8384434,3344.48,2.31,52589.0
358,41.6134138,-87.5914506,2340.83,0.0,77151.0
359,41.6180621,-87.5825095,2310.82,7.93,50000.0
360,41.9595847,-87.8104592,3258.87,4.33,70781.0
361,41.5824275,-87.6657556,1942.97,7.42,47574.0
362,41.6007043,-87.5904264,1669.04,2.09,90246.0
363,41.571224,-87.8680261,531.72,0.0,97778.0
364,41.5499963,-87.7228061,1613.63,5.7,80795.0
365,41.9724938,-87.7237561,7983.7,13.75,62478.0
366,41.9692055,-87.7231695,17717.77,15.03,69712.0
367,41.7383652,-87.7313064,4548.94,0.78,83086.0
368,41.7535302,-87.5601871,8798.96,28.4,36867.0
369,41.9275604,-87.7707371,8938.54,5.61,61308.0
370,42.143092,-87.9718935,2873.57,0.0,105841.0
371,41.7356005,-87.5531842,6404.83,24.15,32654.0
372,42.0435347,-87.8506827,4641.15,0.0,100375.0
373,42.0506342,-87.8502225,6750.87,1.39,61329.0
374,42.0433667,-87.6689065,4299.87,15.87,105231.0
375,41.8251471,-87.7877679,5122.55,1.91,91583.0
376,41.7266564,-87.8391701,2081.38,0.93,101282.0
377,41.8832373,-87.8097247,7175.21,4.8,71587.0
378,42.0890396,-88.1607072,215.95,0.0,225486.0
379,42.1363338,-88.0112153,5686.45,1.35,50865.0
380,42.13034,-88.059752,1589.51,0.81,91968.0
381,42.0490312,-87.6820289,7975.94,23.08,67014.0
382,41.520425,-87.5453918,597.83,2.91,47321.0
383,41.5304853,-87.5348993,915.8,7.98,81611.0
384,41.5489586,-87.6608609,1504.77,1.16,96006.0
385,41.7171622,-87.7740754,2810.29,3.08,77557.0
386,41.7178739,-87.7582831,2360.88,0.56,89177.0
387,41.7244675,-87.8261928,2439.48,0.0,78185.0
388,41.7298543,-87.7712608,2527.33,0.0,101413.0
389,41.8763759,-87.8163473,2724.69,2.73,91458.0
390,42.1351902,-87.770491,922.93,0.5,214779.0
391,41.9192297,-87.743801,5885.16,2.87,63611.0
392,41.9045705,-87.8963779,2484.01,0.46,56016.0
393,41.8262828,-87.8955076,731.11,0.28,169015.0
394,41.6606403,-87.8187312,820.39,0.77,124348.0
395,41.8367113,-87.8110754,2037.07,0.57,148424.0
396,41.9008459,-87.8189279,1714.79,1.69,158833.0
397,41.7830135,-87.6132777,10931.45,10.02,34643.0
398,41.9874756,-87.7696729,3131.77,2.32,96514.0
399,41.9625702,-87.640521,3145.83,40.39,82526.0
400,41.8957739,-87.7911158,2372.13,0.0,250001.0
401,41.8913783,-87.7806992,3556.3,4.31,71310.0
402,41.9502131,-87.7128146,7962.01,2.9,82691.0
403,41.9309116,-87.811475,7270.94,6.58,52331.0
404,41.9252753,-87.8159951,5899.38,9.4,59964.0
405,41.7544389,-87.6321806,1977.93,29.1,35551.0
406,41.7617135,-87.6298721,4266.41,18.42,57542.0
407,41.7251952,-87.6384256,4062.71,5.8,65944.0
408,42.0310271,-88.106114,1740.38,0.4,95703.0
409,41.9494731,-87.7717578,6435.63,6.82,81923.0
410,41.942169,-87.7714953,6188.38,5.53,88939.0
411,41.908374,-87.6709298,9333.06,14.15,173393.0
412,41.9066403,-87.6895801,11033.42,8.12,92927.0
413,41.9067097,-87.6653277,11557.13,19.04,111458.0
414,41.7764305,-87.6376304,3446.68,21.93,22846.0
415,41.6399603,-87.7262096,592.66,0.0,43750.0
416,41.9416278,-87.6614432,9852.37,17.0,227750.0
417,41.6858426,-87.778913,1034.19,1.21,67679.0
418,41.7972545,-87.6987811,9119.66,1.7,39828.0
419,41.8614167,-87.903125,447.81,1.44,67235.0
420,41.6975608,-87.7278727,2797.69,2.14,104643.0
421,41.9721235,-87.7976295,4420.49,0.71,117240.0
422,41.5847309,-87.5449774,1113.76,3.11,59826.0
423,41.5382179,-87.726659,559.07,0.0,90071.0
424,41.9800699,-87.7734442,4731.21,2.11,68824.0
425,41.9631847,-87.6838544,6232.66,26.86,79803.0
426,41.9577405,-87.6837168,8502.84,7.42,138546.0
427,41.957678,-87.6915186,7444.13,2.64,163625.0
428,41.9511884,-87.8722007,1987.75,3.69,61162.0
429,42.0971614,-87.9690169,1338.11,0.0,158750.0
430,41.9654466,-87.6631954,12815.25,20.18,84766.0
431,41.8103984,-87.6674491,11570.05,15.91,37480.0
432,41.9505477,-87.6761824,6716.54,15.16,109188.0
433,41.7945225,-87.8731204,1400.71,4.71,86434.0
434,42.0188301,-87.863296,1260.78,0.0,115469.0
435,42.02642,-87.7973221,2207.25,1.4,84250.0
436,41.9797951,-87.6714454,7526.01,12.38,102309.0
437,41.972437,-87.6711094,8595.02,18.88,121026.0
438,41.9506904,-87.6404714,13911.99,33.87,83601.0
439,41.9644951,-87.7027641,8695.83,13.26,97722.0
440,41.5707107,-87.5679854,965.66,2.29,66514.0
441,41.6029094,-87.7390078,752.55,4.67,69591.0
442,41.6413219,-87.6992646,1216.25,2.35,59423.0
443,41.6286651,-87.7449388,1233.87,0.0,88598.0
444,41.8407439,-87.8984346,1013.23,0.22,105026.0
445,41.6651703,-87.6965048,900.33,0.73,62517.0
446,41.6513772,-87.6365946,301.64,9.57,28173.0
447,41.9350552,-87.7376226,6268.15,6.4,68393.0
448,41.9278523,-87.7356282,5417.23,8.07,64583.0
449,41.9234806,-87.7341264,7444.11,2.85,50515.0
450,41.9155009,-87.7102058,9789.49,6.8,80391.0
451,41.8840812,-87.8478481,3910.6,3.53,63558.0
452,41.8101927,-87.6228619,6165.06,34.34,23288.0
453,41.7831002,-87.6084261,8293.36,12.65,25298.0
454,41.9413776,-87.8686704,2198.05,1.61,77550.0
455,41.906155,-87.7339986,8880.33,15.66,55304.0
456,41.8974254,-87.6993742,10462.94,5.29,61964.0
457,41.8481108,-87.7075818,12864.97,5.84,29684.0
458,41.9464901,-87.6471147,14546.51,60.35,69250.0
459,41.7613077,-87.8210849,794.31,5.61,68837.0
460,41.8614519,-87.7976272,5870.4,0.6,87727.0
461,41.8150568,-87.8135604,1555.62,5.96,47316.0
462,41.5342762,-87.6617452,1135.95,0.59,112774.0
463,41.9279225,-87.7441048,5940.18,10.44,61500.0
464,41.9201432,-87.7608269,5350.23,1.35,57292.0
465,41.8474251,-87.7219393,11954.35,20.49,50329.0
466,41.8615597,-87.8183947,975.19,5.11,63315.0
467,41.8335498,-87.8461152,2528.67,0.4,114922.0
468,41.9391656,-87.6346433,17394.67,47.03,81020.0
469,41.9346596,-87.64673,15328.73,36.22,95833.0
470,41.9991127,-87.8163644,2881.21,0.0,107639.0
471,41.9322899,-87.8209674,5363.61,0.41,95197.0
472,41.5920457,-87.6641411,1272.62,9.85,38803.0
473,41.8174473,-87.8501198,2621.07,2.34,89276.0
474,41.8100292,-87.8498739,3431.04,1.66,77553.0
475,41.6090306,-87.6462204,1447.94,7.24,30547.0
476,41.9668338,-87.684018,8407.32,21.07,97596.0
477,41.9149137,-87.6267624,6687.38,40.61,115993.0
478,41.9668082,-87.6940778,10959.3,20.12,105400.0
479,41.9631577,-87.6922871,7243.35,10.88,105500.0
480,41.8762488,-87.8780999,4856.21,7.98,58542.0
481,41.8771915,-87.8657806,1892.99,1.62,58910.0
482,41.7596706,-87.5472271,6972.43,34.2,37122.0
483,42.0829609,-88.0152318,1588.8,0.0,106012.0
484,41.8053819,-87.678731,6450.13,6.01,40960.0
485,41.9361958,-87.8116057,6145.13,8.0,68500.0
486,41.8014106,-87.9139502,1248.15,1.58,250001.0
487,41.6053741,-87.6659521,976.33,3.37,35030.0
488,41.9357029,-87.7038401,7488.38,11.44,93026.0
489,41.8275855,-87.8668626,3157.95,3.1,103090.0
490,41.8049939,-87.6624414,6335.66,17.1,32793.0
491,42.0110786,-88.1012621,2051.34,0.0,110219.0
492,41.4966069,-87.6294933,1293.66,6.88,38077.0
493,42.0739284,-87.9940638,1885.35,0.64,144036.0
494,41.6180623,-87.6463602,1240.3,14.35,34882.0
495,41.6118075,-87.6268201,909.43,1.87,55116.0
496,42.1298817,-88.0409769,1737.04,1.67,88377.0
497,41.5784583,-87.7170864,911.4,2.77,63603.0
498,41.8873598,-87.8725068,2290.96,4.16,68162.0
499,41.7047017,-87.7127057,3297.7,0.0,118444.0
500,41.6950694,-87.7107233,3818.35,0.38,122063.0
501,41.8995065,-87.6796003,11589.44,7.55,104397.0
502,41.8995893,-87.6747188,12275.75,14.02,164025.0
503,41.9449289,-87.6357084,17864.44,48.6,86805.0
504,41.9933967,-87.6551319,26930.2,34.81,55067.0
505,41.9953805,-87.6546954,26514.76,49.95,53684.0
506,42.0239204,-88.152699,2084.63,0.0,79205.0
507,41.9802194,-87.6515383,6594.92,42.69,54143.0
508,41.8762402,-87.7177932,2458.37,20.06,19717.0
509,41.8773597,-87.7035621,4196.38,19.95,32401.0
510,41.877304,-87.7084528,2944.29,11.34,23900.0
511,41.8417494,-87.6084205,4294.95,37.89,61620.0
512,41.8419291,-87.6283695,8820.87,40.55,22292.0
513,41.7276164,-87.6747355,1714.74,0.0,151613.0
514,41.6344817,-87.5725102,1410.21,7.52,41100.0
515,41.6263798,-87.5600589,4835.45,2.47,70346.0
516,42.072763,-88.018075,1845.01,2.8,88559.0
517,42.0625192,-88.2401967,1771.65,0.0,121986.0
518,42.1047153,-88.109166,1777.88,1.12,145156.0
519,41.7977431,-87.6598226,2545.8,22.65,34000.0
520,41.7691893,-87.6384976,2369.35,31.78,17338.0
521,42.0294129,-87.6947173,4257.98,4.39,116860.0
522,41.9875737,-87.8294387,2468.9,0.48,131419.0
523,42.0560223,-88.1999469,230.21,0.0,158467.0
524,41.7346004,-87.901334,599.55,0.0,136694.0
525,41.7594817,-87.8917122,615.43,1.87,109479.0
526,41.9145855,-87.645966,8429.97,15.05,211964.0
527,41.7880823,-87.6247359,3386.96,17.2,48393.0
528,41.8140036,-87.6116844,5975.4,11.17,77292.0
529,41.7904693,-87.6012849,2100.12,20.42,146250.0
530,41.7380571,-87.830457,3502.81,3.81,56250.0
531,41.8015324,-87.6017585,12681.52,22.82,64722.0
532,41.9964493,-88.1276103,1185.93,1.95,70750.0
533,42.0073192,-88.1800998,2505.23,0.34,65708.0
534,41.7966437,-87.7452866,2302.39,6.0,79875.0
535,41.827107,-87.6486047,3952.06,11.55,100217.0
536,42.1003925,-87.9864133,1983.74,1.0,152682.0
537,41.8559337,-87.6685737,13922.03,16.94,63779.0
538,41.6239237,-87.8432478,1514.64,0.0,70179.0
539,41.7694999,-87.6615113,4197.33,5.38,21063.0
540,41.8917041,-87.7021747,2041.81,19.95,51434.0
541,41.8850449,-87.7138625,3286.05,10.27,19453.0
542,41.9286297,-87.6853728,2985.46,2.29,121813.0
543,41.8986973,-87.7088059,3587.3,19.46,80763.0
544,41.8852863,-87.6572488,3564.42,12.85,192608.0
545,41.8330953,-87.6521817,7686.13,15.9,83498.0
546,41.8350674,-87.6431623,10000.94,16.87,77560.0
547,41.7529893,-87.723784,4267.47,2.71,80096.0
548,41.7836336,-87.6450883,2805.63,17.95,20771.0
549,41.7906903,-87.6450334,2042.58,14.07,34250.0
550,41.9120878,-87.6945986,9850.97,16.82,102102.0
551,41.9047161,-87.7018867,1140.85,5.19,76429.0
552,41.8302073,-87.7745468,5062.99,0.74,90564.0
553,41.8616508,-87.7850665,7212.27,2.87,66680.0
554,41.6281716,-87.71865,2036.35,0.0,51458.0
555,41.6219896,-87.7084844,2510.63,0.0,59918.0
556,41.5967062,-87.727236,811.32,3.56,83846.0
557,41.5023717,-87.6877677,2003.1,2.01,78229.0
558,42.0159431,-87.6665393,13199.39,20.9,68336.0
559,42.0054398,-87.6571664,8151.09,26.18,48630.0
560,41.7188043,-87.808253,1769.32,1.71,67681.0
561,41.5425866,-87.6843362,1267.98,4.63,135212.0
562,41.9961182,-88.0535935,2015.04,2.19,126192.0
563,41.6687131,-87.8388501,392.06,2.37,120227.0
564,42.0379262,-88.0879699,2766.45,4.4,93586.0
565,41.6373647,-87.6600155,622.16,3.24,57702.0
566,41.7540485,-87.6611057,4218.8,7.06,54444.0
567,41.4948622,-87.5973552,157.37,5.75,54145.0
568,41.5137031,-87.7705236,767.93,1.19,115250.0
569,41.9944414,-87.66523,8336.86,14.8,91406.0
570,41.9943875,-87.6725348,11593.15,35.51,64662.0
571,41.9128666,-87.6410717,9284.04,8.0,149625.0
572,41.9670114,-87.6706209,8990.01,16.84,80873.0
573,42.1315894,-87.8670201,1212.47,2.22,179425.0
574,42.0847062,-87.7425824,1217.3,1.29,250001.0
575,42.0062774,-87.667683,12886.43,34.63,66313.0
576,42.015721,-87.6871169,9551.14,4.8,57029.0
577,42.1149186,-87.7877663,563.35,0.75,167619.0
578,42.1094226,-87.7240882,1243.32,0.0,250001.0
579,41.9164722,-87.6411823,11734.67,10.0,230313.0
580,41.5432168,-87.5609308,582.73,0.0,97463.0
581,41.5162118,-87.7288283,816.08,1.29,105768.0
582,41.5030817,-87.5595865,466.79,4.05,53438.0
583,42.0732542,-87.8320839,1541.62,0.0,139904.0
584,41.5931658,-87.5363658,2611.45,2.86,59767.0
585,41.7832811,-87.6521652,3608.34,15.59,50330.0
586,41.7737921,-87.6762289,2620.93,6.16,26080.0
587,42.1503686,-87.981565,1812.37,0.0,114347.0
588,41.9936149,-88.1751552,1179.73,2.49,84728.0
589,42.0093228,-88.0466406,1267.53,3.49,136908.0
590,42.0358352,-88.1275605,2291.62,0.0,95590.0
591,42.0151569,-87.7637294,1066.76,0.0,151538.0
592,42.048738,-87.7938583,1362.54,4.16,116096.0
593,41.9270773,-87.8344152,1884.38,4.27,66788.0
594,42.0160077,-87.6801484,16274.7,17.33,61071.0
595,41.9834867,-87.8448495,3629.05,10.42,73618.0
596,42.0729443,-87.7881169,1112.6,3.04,168105.0
597,41.9159946,-87.8832944,1460.79,3.87,68153.0
598,41.742172,-87.7913613,2468.34,5.53,61853.0
599,42.0188278,-88.0677831,1655.24,0.0,85451.0
600,41.6833994,-87.9468136,210.1,4.7,104620.0
601,41.6529165,-87.9520604,394.43,0.66,150469.0
602,41.8755025,-87.7695844,1803.13,22.8,35574.0
603,42.0094119,-87.6639583,19358.54,31.09,47858.0
604,41.9868915,-87.7036897,2921.9,0.85,92024.0
605,42.044974,-87.8196521,3002.25,1.08,119196.0
606,42.0497649,-87.8134423,2513.64,0.0,103498.0
607,41.8763621,-87.7806602,4595.3,0.92,144821.0
608,41.8690097,-87.7816188,4764.29,2.38,122014.0
609,41.8609814,-87.7666419,7399.91,8.49,66799.0
610,42.087192,-87.8778787,470.73,5.2,68594.0
611,42.0693032,-87.8537258,5597.59,0.0,39560.0
612,42.1009482,-87.9488888,1371.88,1.43,88346.0
613,41.6502202,-87.599792,1328.45,16.46,16712.0
614,42.0754963,-88.0367314,1325.39,0.0,155469.0
615,41.8710436,-87.6314012,20971.31,44.64,110306.0
616,41.7482097,-87.6100739,11470.42,20.39,34355.0
617,41.7698532,-87.573953,10602.81,18.58,32264.0
618,41.9347276,-87.7809524,6283.99,2.27,92639.0
619,41.9261631,-87.7610395,12274.02,11.34,50457.0
620,41.9202289,-87.7705334,7032.8,14.91,55072.0
621,41.816354,-87.6325395,1524.05,18.37,18304.0
622,41.9770023,-87.7619249,6438.8,0.0,101220.0
623,41.5674897,-87.8311612,1655.55,0.0,168194.0
624,41.6163142,-87.7914771,881.13,1.37,69857.0
625,41.5930051,-87.6979153,853.14,2.61,52734.0
626,41.7179734,-87.6283302,2116.77,0.81,63947.0
627,41.7089633,-87.7538136,2536.08,0.66,94943.0
628,41.7123761,-87.730327,4549.83,4.33,69833.0
629,41.6813144,-87.6517524,2663.21,3.01,53574.0
630,41.6740397,-87.6515267,1795.65,21.63,80147.0
631,41.6703908,-87.6189952,2468.32,12.59,38304.0
632,41.7056906,-87.7305797,2590.08,0.56,67865.0
633,41.6954003,-87.7382048,2707.55,0.0,85855.0
634,41.869579,-87.6592023,7300.87,28.3,57055.0
635,41.9780453,-87.8197314,2963.16,2.85,109564.0
636,42.089417,-87.8589238,1031.2,1.54,139865.0
637,42.0879204,-88.0500926,1814.36,0.0,139139.0
638,42.1162415,-87.8682204,1186.83,1.35,158309.0
639,41.9424917,-87.7471554,7677.93,10.11,75893.0
640,41.9423826,-87.7543527,8529.84,3.09,93879.0
641,41.9348596,-87.7712318,7486.47,7.15,56523.0
642,41.9376356,-87.712214,10297.79,12.03,93547.0
643,41.8967468,-87.8015407,4160.1,3.68,125625.0
644,41.883289,-87.7971767,7622.51,6.63,83783.0
645,41.9592098,-87.7129732,9471.45,6.61,73946.0
646,42.1244645,-87.8269039,1472.83,0.39,190288.0
647,41.9025047,-87.7798547,4646.11,4.05,135234.0
648,41.7194986,-87.7004232,2437.82,0.98,88024.0
649,41.7122395,-87.6969816,2848.24,1.18,100179.0
650,41.9337846,-87.7220524,12753.51,12.06,74855.0
651,41.8981681,-87.8811115,1159.96,0.7,58202.0
652,41.8481796,-87.7026993,12028.76,4.97,32766.0
653,41.637841,-87.7802642,499.55,3.35,79948.0
654,41.6178272,-87.8248961,763.87,0.0,104886.0
655,41.6388204,-87.5939128,1112.15,1.75,52043.0
656,41.8842145,-87.7380411,2860.84,10.91,74319.5
657,41.7538582,-87.804806,1602.07,0.0,56037.0
658,41.6883062,-87.8808195,119.1,1.69,116797.0
659,42.1068792,-87.8307028,926.17,1.29,134179.0
660,41.9357455,-87.6989334,7009.15,7.75,96579.0
661,41.9354391,-87.6933366,5715.17,1.8,109844.0
662,41.9344851,-87.7986317,6125.31,0.91,83920.0
663,41.7628985,-87.7745229,433.34,2.16,73603.0
664,41.9772354,-87.7521624,3602.9,0.41,111750.0
665,42.0350401,-87.8699453,1187.15,0.0,85516.0
666,41.8917357,-87.7186525,5810.71,18.6,37237.0
667,41.9706949,-87.7130043,16739.55,9.31,72629.0
668,41.9715371,-87.7389429,5002.71,7.15,93036.0
669,41.8841436,-87.7478885,5411.22,26.78,30341.0
670,41.9418072,-87.7965238,4902.23,6.99,81950.0
671,41.9289672,-87.6561563,10546.86,13.46,243795.0
672,41.9289455,-87.6608922,10428.43,10.35,186757.0
673,41.9287627,-87.6656766,9307.72,10.22,250001.0
674,41.9420528,-87.7812865,6159.3,2.07,92383.0
675,41.9349864,-87.7614635,8009.97,2.22,69309.0
676,41.9278186,-87.7513624,9146.9,8.52,52404.0
677,41.9653619,-87.7318319,7002.77,8.1,73273.0
678,42.0013129,-87.6841982,8612.61,15.11,43948.0
679,41.9290777,-87.646293,11771.98,29.29,108083.0
680,41.9290462,-87.6513103,11769.02,26.63,191051.0
681,41.8994455,-87.6893191,10506.3,15.09,81875.0
682,41.8990614,-87.7213153,9071.47,24.72,39917.0
683,41.8992542,-87.7150684,7721.92,15.44,60333.0
684,41.8994219,-87.68449,8245.64,18.66,103095.0
685,41.8065272,-87.775806,609.16,0.36,83495.0
686,41.991104,-87.7208089,2660.85,8.79,58068.0
687,41.9945319,-87.7576108,1909.73,0.2,149306.0
688,41.9911122,-87.740066,3428.59,0.57,140988.0
689,41.8016709,-87.5942651,19760.29,33.37,51739.0
690,41.9351136,-87.7516489,8874.31,6.15,80576.0
691,41.6818522,-87.6179395,2946.44,23.7,38027.0
692,41.880293,-87.8358233,1837.81,1.45,58925.0
693,41.8772724,-87.8987752,2024.43,5.85,74615.0
694,41.8576415,-87.6922159,6485.43,8.23,120207.0
695,41.7911261,-87.6183211,6741.22,22.27,40066.0
696,41.6662102,-87.6578736,3187.37,0.46,51310.0
697,42.1264867,-87.8429419,1646.03,0.0,220469.0
698,42.0472521,-87.8358213,3216.01,8.62,64832.0
699,42.1316179,-87.9537744,3923.38,2.45,103365.0
700,41.7736413,-87.6932656,8898.52,17.65,41099.0
701,42.1327901,-87.9367549,2010.6,0.19,92541.0
702,41.6815612,-87.6323954,3359.17,12.92,41464.0
703,42.0330767,-87.8259769,1768.12,0.0,109500.0
704,42.1002317,-87.7407481,1641.89,1.57,250001.0
705,41.7769097,-87.6032569,6680.03,12.51,44375.0
706,41.7282207,-87.5964894,1413.44,17.36,45855.0
707,41.735241,-87.5757292,3276.14,4.0,72171.0
708,41.8690617,-87.7969689,4101.4,3.21,131042.0
709,41.8440769,-87.6830176,3208.8,11.12,79744.0
710,42.1414674,-88.0136719,4934.19,0.0,73333.0
711,42.1316941,-88.0784518,1751.57,0.0,89960.0
712,42.0377093,-88.2040103,215.58,4.56,106410.0
713,41.8012095,-87.6888524,2491.09,11.03,51643.0
714,41.7249095,-87.6168742,3382.18,8.58,63175.0
715,41.8849306,-87.6170157,18691.25,27.94,119616.0
716,41.5466805,-87.7673435,373.23,2.62,80810.0
717,42.1166647,-88.1956907,85.39,0.0,149778.0
718,42.0262543,-88.2006618,1390.17,1.86,110667.0
719,41.8048761,-87.6527194,4105.43,13.38,41514.0
720,41.8541473,-87.7117002,4362.3,13.99,51298.0
721,41.8133852,-87.6254437,5233.84,9.95,54565.0
722,41.7831442,-87.661879,3132.1,24.42,39297.0
723,41.7832124,-87.657022,3818.68,28.22,29906.0
724,41.7811784,-87.7912474,2478.75,1.64,90142.0
725,41.7756825,-87.7909879,6242.47,1.28,72813.0
726,42.0608624,-87.8307449,2158.01,0.85,108800.0
727,41.8853958,-87.6428781,13288.27,41.05,136378.0
728,41.8860094,-87.6718846,2833.57,29.78,44414.0
729,41.7904937,-87.6572084,4503.02,21.7,24583.0
730,41.85631,-87.6442091,5689.81,12.63,133382.0
731,41.8692741,-87.664092,12604.32,42.13,44129.0
732,41.8634168,-87.6537547,9313.25,7.9,77422.0
733,41.7980493,-87.5941996,9775.97,43.44,45972.0
734,41.7382829,-87.7621853,2825.38,0.14,81912.0
735,41.7429218,-87.7492511,2331.23,0.0,81139.0
736,41.6542555,-87.668454,3339.63,7.84,51806.0
737,41.7138156,-87.5398105,3295.87,7.43,58438.0
738,41.7653118,-87.7171651,6164.07,0.0,72308.0
739,41.7300221,-87.6993289,1201.44,2.03,79395.0
740,41.7211743,-87.7153549,3094.75,0.0,96607.0
741,41.8786261,-87.6851324,9782.98,26.67,47784.0
742,41.7830054,-87.6715772,3589.86,5.43,37621.0
743,41.7830686,-87.6667315,3342.21,3.46,35500.0
744,41.8624103,-87.7324567,4255.91,28.61,34349.0
745,41.8767584,-87.7445832,7757.52,16.44,41167.0
746,41.876599,-87.7598276,10465.72,39.41,47255.0
747,41.9209604,-87.7152526,11683.55,12.48,82102.0
748,41.9210205,-87.7103609,10321.74,15.58,87478.0
749,41.7395016,-87.6583002,4294.06,8.79,46667.0
750,41.7405561,-87.6698252,4417.4,7.99,58444.0
751,41.7324402,-87.6386888,4047.47,14.86,57422.0
752,42.008488,-87.6859118,7660.5,9.48,76607.0
753,41.892632,-87.6903237,3298.23,9.51,139500.0
754,41.8921955,-87.6842896,6275.11,7.84,143750.0
755,41.9495915,-87.761958,6722.56,0.53,100862.0
756,41.9497086,-87.7521182,7061.48,0.92,85714.0
757,42.0212553,-87.6698301,11288.21,27.24,68196.0
758,41.9058589,-87.630901,24478.23,44.27,103948.0
759,41.9067716,-87.681025,11506.23,16.52,167292.0
760,41.9060312,-87.6753137,10766.93,12.73,178434.0
761,41.914618,-87.796796,3348.4,6.21,119514.0
762,41.6500704,-87.7111588,1058.7,6.44,69881.0
763,42.0156903,-87.6995191,5799.7,1.09,117005.0
765,41.7229415,-87.7884717,2517.37,7.51,56231.0
766,41.8278813,-87.819223,1615.89,4.38,147813.0
767,42.0219819,-88.1740085,2515.03,4.78,88125.0
768,41.858776,-87.8449998,1775.66,5.58,60404.0
769,41.987226,-87.6649359,10263.16,20.0,109375.0
770,41.8785967,-87.6889009,3589.53,32.67,21103.0
771,41.7832241,-87.598697,10178.73,41.41,38583.0
772,41.9123693,-87.6750677,7647.95,18.27,161125.0
773,41.9119683,-87.6836267,10756.92,8.8,171962.0
774,41.9217778,-87.6510614,9789.37,44.07,206304.0
775,42.0030878,-87.8726344,1234.69,2.21,97708.0
776,42.0165164,-87.8782773,1589.27,1.1,72182.0
777,41.9506731,-87.6665364,11355.91,22.46,162011.0
778,41.8423852,-87.6555816,7492.38,3.31,60625.0
779,41.9413652,-87.6808266,11708.52,2.64,159145.0
780,41.9414224,-87.6759536,9577.81,4.49,166771.0
781,41.840241,-87.8654967,1922.46,3.28,105146.0
782,42.0103801,-88.1199897,2345.79,1.37,98906.0
783,41.934163,-87.712572,11437.2,15.3,102625.0
784,41.929396,-87.712086,9514.15,27.04,61875.0
785,41.9258252,-87.7128836,8132.36,16.58,120427.0
786,41.9726684,-87.6638662,8906.02,33.31,79010.0
787,41.9720667,-87.6860816,8893.3,8.68,107083.0
788,42.0976999,-87.8954887,1550.11,0.0,127415.0
789,42.1053603,-87.8996709,6584.99,2.81,58711.0
790,41.9264468,-87.9046009,2026.13,4.78,62679.0
791,41.5643364,-87.7330729,1034.47,1.64,69785.0
792,41.653749,-87.7588655,1271.65,0.54,81772.0
793,41.6578553,-87.7884282,920.65,0.0,113073.0
794,42.0161512,-88.0829772,2152.3,8.26,83477.0
795,41.637538,-87.544703,838.45,0.83,53397.0
796,41.4834318,-87.7086238,1662.54,6.46,40403.0
797,41.8315472,-87.8369994,873.78,2.02,112667.0
798,41.6777448,-87.7279109,2118.05,2.56,80500.0
799,41.6656032,-87.6831791,3977.1,4.59,68355.0
800,41.8554311,-87.7845853,7140.65,9.05,75429.0
801,41.8475102,-87.7855812,7202.63,0.66,81198.0
802,41.7109982,-87.8320932,1489.12,0.69,79981.0
803,41.8581606,-87.7757697,7639.84,5.36,73393.0
804,41.9042501,-87.8577095,5259.9,3.06,69922.0
805,41.8540563,-87.7648564,8140.22,5.53,64849.0
806,41.6187892,-87.771806,1748.72,0.0,116310.0
807,41.571626,-87.8452525,1303.02,0.74,116087.0
808,41.5858756,-87.8380624,2347.85,0.0,117917.0
809,41.5955059,-87.8444592,1470.76,5.44,65250.0
810,41.5886674,-87.8757358,571.87,0.0,95953.0
811,41.8529302,-87.6942666,7257.27,8.19,97727.0
812,41.8531302,-87.7041819,4261.72,17.28,24663.0
813,41.8447052,-87.6493168,2659.87,8.0,41359.0
814,41.8831878,-87.8024147,10706.58,13.45,73375.0
815,42.0279578,-87.728138,3362.37,1.97,141411.0
816,42.03761,-87.8888917,4100.97,4.85,73491.0
817,42.0337614,-87.7549133,3973.22,11.34,77307.0
818,42.0281935,-87.7398439,4982.95,4.09,91926.0
819,42.0422885,-88.2441212,1796.05,1.6,86802.0
820,41.819986,-87.6994962,9583.09,2.61,45854.0
821,41.8145617,-87.6993102,9975.41,13.13,46853.0
822,41.7268625,-87.6579016,5677.63,15.42,62083.0
823,41.8451846,-87.7277592,7602.66,4.11,33668.0
824,41.9940592,-87.6946306,13532.25,2.27,62212.0
825,41.7424258,-87.6300706,1614.82,13.94,72616.0
826,41.9528215,-87.6532414,16173.33,24.8,79985.0
827,41.9941256,-87.7048939,11943.38,4.09,68897.0
828,41.9868081,-87.6944149,9131.75,11.1,71953.0
829,41.9798549,-87.694096,13530.8,26.78,58293.0
830,41.9725804,-87.6940005,9270.7,13.42,99624.0
831,41.9297959,-87.7614217,10202.69,6.31,64063.0
832,41.9942267,-87.6860784,12729.13,8.49,50243.0
833,42.0160476,-87.6733256,8156.51,22.7,58698.0
834,41.8251876,-87.708934,5454.12,1.37,61974.0
835,41.8152753,-87.7091845,3549.83,6.84,55355.0
836,41.8173978,-87.6920314,10962.07,9.56,59631.0
837,41.8174935,-87.6868459,11155.83,8.01,57269.0
838,41.9462941,-87.6542982,10150.07,38.74,128828.0
839,41.9218839,-87.6641161,4411.13,13.64,142500.0
840,41.9077662,-87.7442596,2041.02,4.93,43144.0
841,41.7142653,-87.6381377,3076.03,14.95,61742.0
842,41.8929759,-87.6089327,10077.57,31.32,159026.0
843,41.9094976,-87.6310051,23903.97,29.62,112708.0
844,41.7326718,-87.6191373,2418.17,4.75,58631.0
845,41.798862,-87.7086378,4228.37,1.74,51920.0
846,41.7974279,-87.6890171,9106.54,9.29,48986.0
847,41.7899652,-87.6985725,9699.38,3.85,68558.0
848,41.9578299,-87.8472156,353.98,2.04,81167.0
849,41.9646471,-87.7258909,10149.82,10.14,87045.0
850,42.1173142,-88.0141555,1721.84,0.62,118224.0
851,42.0464554,-87.6877279,5921.02,18.76,74538.0
852,42.0447451,-87.6999044,2481.28,2.83,76844.0
853,41.7130417,-87.6660545,2449.67,3.47,118836.0
854,41.7139198,-87.6771439,2857.47,2.04,145250.0
855,41.7099918,-87.6866686,2822.32,0.52,116406.0
856,41.9642246,-87.7961002,3116.45,3.96,66533.0
857,41.7274693,-87.6645667,3504.04,15.53,49271.0
858,41.7178408,-87.6526479,3166.81,3.29,91284.0
859,41.8922753,-87.6793981,6849.55,12.45,113125.0
860,41.8923546,-87.6745068,6663.5,14.05,114464.0
861,41.820151,-87.6229356,4797.98,16.08,25455.0
862,41.8635721,-87.6239883,23873.71,18.88,112762.0
863,41.8593056,-87.612471,2661.26,4.17,177254.0
864,41.9942271,-88.2333574,805.87,0.0,111713.0
865,41.8564796,-87.6234172,16620.69,13.96,125175.0
866,41.9305828,-87.642202,23897.55,37.73,92641.0
867,42.0085216,-88.2254812,750.46,0.0,151051.0
868,41.885039,-87.6240552,11967.59,80.6,162021.0
869,42.0200467,-88.2211419,956.63,0.49,146710.0
870,42.0200711,-88.188183,2396.53,2.92,98050.0
871,41.9729536,-87.7726114,4819.21,7.42,81250.0
872,41.9422903,-87.7617175,8242.46,7.0,77521.0
873,41.7622187,-87.7320352,1281.23,4.43,66818.0
874,41.7825321,-87.7080441,7308.96,0.0,44297.0
875,41.9920564,-87.84683,1214.69,1.21,145250.0
876,42.0379179,-87.9023799,2201.96,3.19,102292.0
877,42.0282411,-87.8838744,2094.97,0.23,116628.0
878,42.0157961,-87.891065,2852.84,0.39,65750.0
879,41.8717861,-87.7131559,9028.32,8.64,42171.0
880,41.8997371,-87.6649536,13398.34,16.81,145583.0
881,41.8566665,-87.7157306,6444.08,23.21,33736.0
882,41.8552397,-87.7223992,5337.84,16.12,41875.0
883,41.8551613,-87.7322428,3522.65,16.54,52500.0
884,41.8986945,-87.7448924,2955.32,10.39,31690.0
885,41.8986248,-87.7520112,9152.89,8.17,38350.0
887,42.0544542,-88.1061272,1335.66,3.98,116354.0
888,41.9054055,-87.7946857,2534.77,1.09,225333.0
889,41.7618177,-87.6850469,4847.33,4.3,46066.0
890,41.7419438,-87.5790892,2532.25,13.99,51990.0
891,41.7413872,-87.5470101,3131.86,26.57,28487.0
892,42.0608181,-87.9982952,1718.27,1.45,77808.0
893,42.0425606,-87.9796984,1985.84,2.94,58354.0
894,42.0440917,-87.9675265,4243.18,1.37,73575.0
895,41.7107339,-87.6283617,3843.32,2.99,44792.0
896,41.7106902,-87.6153469,3427.28,10.56,51591.0
897,41.815338,-87.741273,1850.43,0.79,59286.0
898,41.7904247,-87.6620627,2217.17,7.69,34459.0
899,41.7903576,-87.6669167,4081.76,5.07,30179.0
900,41.9359971,-87.6758395,9552.55,4.08,218403.0
901,41.5103261,-87.6234952,448.1,0.0,30610.0
902,41.7902996,-87.6717698,4950.71,23.66,32083.0
903,41.8710297,-87.7228141,5920.38,16.35,19417.0
904,41.8561439,-87.6489782,5763.22,11.07,66683.0
905,41.8772429,-87.7133314,4138.55,31.37,40670.0
906,41.6683914,-87.6722979,1808.67,7.17,38880.0
907,41.7351241,-87.5898829,3694.41,14.56,54338.0
908,41.729194,-87.5879725,2720.48,9.59,57839.0
909,41.7284498,-87.5756385,2769.75,6.88,83567.0
910,41.7962056,-87.7721659,4543.78,3.18,103098.0
911,41.7957702,-87.7916514,3889.3,0.0,117188.0
912,41.6873618,-87.8243549,2092.1,3.11,69096.0
913,41.7615223,-87.6491706,2907.01,7.34,51531.0
914,41.7686693,-87.6290093,4492.07,12.76,35319.0
915,41.7681794,-87.6121031,2296.07,12.94,56203.0
916,41.7621424,-87.6103447,5811.04,20.49,41131.0
917,41.7619654,-87.6200151,4092.95,14.75,78375.0
918,41.7535935,-87.6953091,1675.72,4.56,78803.0
919,41.8382167,-87.6967542,4972.04,0.0,52875.0
920,41.83496,-87.6251702,4735.49,9.0,116875.0
921,41.8428046,-87.6357882,7949.59,10.09,47519.0
922,41.8345181,-87.6329169,3577.93,18.0,57720.0
923,41.8272864,-87.6326516,2652.17,37.97,19348.0
924,41.7157373,-87.5749771,1568.44,9.66,30607.0
925,41.749875,-87.826879,1210.75,2.7,47577.0
926,41.626611,-87.8683019,669.52,2.01,74060.0
927,41.6173175,-87.8796235,850.24,0.0,143071.0
928,41.481612,-87.7228759,1297.24,3.83,56836.0
929,41.7202983,-87.5304858,798.66,6.2,57446.0
930,41.7697613,-87.5813509,8248.3,46.28,33183.0
931,41.7697163,-87.5893601,6428.93,23.46,36467.0
932,41.6880978,-87.8060126,1443.43,1.99,60241.0
933,41.6635976,-87.9857304,1574.46,0.67,111438.0
934,41.6633296,-88.014384,523.31,0.14,141287.0
935,41.5799502,-87.8178544,1492.31,0.0,125690.0
936,41.9147492,-87.6540551,6309.97,22.48,201563.0
937,41.8818831,-87.7061362,12105.98,42.39,25650.0
938,41.8555618,-87.683342,7057.8,22.15,60498.0
939,41.7032801,-87.6153262,3927.04,11.48,67428.0
940,41.8416597,-87.7350509,5879.67,10.53,35779.0
941,41.7456225,-87.7317117,4800.48,0.84,74207.0
942,41.8340975,-87.6192919,6881.85,8.73,74319.5
943,41.9782238,-87.7164874,4143.95,6.1,80471.0
944,41.9526537,-87.7452546,4176.53,5.35,44653.0
945,41.8952785,-87.7336103,3494.47,13.72,50907.0
946,41.8679365,-87.7227489,2250.76,23.73,23587.0
947,41.9192103,-87.6714479,2411.81,8.57,119886.0
948,41.9015665,-87.6384039,7132.35,30.42,112381.0
949,42.0988438,-87.9976755,1811.11,0.0,99556.0
950,41.8637638,-87.6925503,2690.62,16.05,41250.0
951,41.9293687,-87.7242313,6882.87,8.32,79969.0
952,42.0022073,-88.1957097,1053.89,0.86,132679.0
953,41.8395497,-87.7278708,9024.36,3.14,36020.0
954,41.86075,-87.7007124,1595.43,16.53,46659.0
955,41.8631389,-87.6729371,1456.26,35.07,19304.0
956,41.5787163,-87.9003862,695.06,0.89,103354.0
957,41.945169,-87.6687907,9478.29,13.74,125139.0
958,42.0068651,-87.7051865,6579.93,4.16,73539.0
959,41.6960582,-87.6162677,3647.75,25.66,35038.0
960,42.1190705,-88.0525589,1847.58,3.17,81581.0
961,42.0749485,-88.0507852,3768.69,1.81,91795.0
962,41.8211752,-87.5958325,4733.99,15.41,24764.0
963,41.7998052,-87.6186826,2123.26,27.12,20948.0
964,42.0450231,-88.0977017,4448.45,15.68,62183.0
965,41.8018345,-87.6322016,816.34,16.04,13438.0
966,41.8314369,-87.6384053,4655.83,0.0,105481.0
967,41.7872463,-87.6343057,1168.21,22.86,26304.0
968,41.8067653,-87.6089488,7218.39,8.64,55250.0
969,41.7543447,-87.8433943,1960.87,0.0,65922.0
970,41.8509934,-87.6351083,6255.9,16.95,48542.0
971,41.811879,-87.8300332,2701.69,2.49,80052.0
972,41.9491398,-87.6568035,8298.85,31.75,108158.0
973,41.7486271,-87.6014512,10572.72,45.64,28877.0
974,41.8424805,-87.7196254,12712.65,11.42,52115.0
975,42.0044138,-88.1651208,2988.13,15.71,90174.0
976,41.9922655,-88.1522087,2439.68,4.02,68516.0
977,41.881028,-87.6327458,7467.07,55.13,122978.0
978,41.8790778,-87.6570459,9177.38,16.71,160114.0
979,42.0315791,-88.0446067,1553.94,1.0,110833.0
980,42.0353358,-88.0706136,1339.02,2.69,120565.0
981,41.87867,-87.6716928,1830.34,17.85,26000.0
982,41.8716945,-87.6541237,5627.13,33.67,85096.0
983,41.8704149,-87.675126,1593.0,22.85,83929.0
984,41.8891477,-87.7984589,8589.71,11.13,87476.0
985,41.8479746,-87.7539886,7504.89,5.9,64464.0
986,41.8548833,-87.7541951,4338.37,16.26,56311.0
987,42.1418701,-87.9531258,2479.18,0.0,77471.0
988,42.1208172,-87.986523,2485.98,5.31,119188.0
989,41.7769504,-87.596303,7268.62,22.46,33768.0
990,41.7458348,-87.591788,3235.97,12.83,52973.0
991,41.8835487,-87.7796661,5702.56,7.05,72269.0
992,41.7468819,-87.5726041,4920.03,15.33,68207.0
993,41.7274249,-87.5464854,2395.62,48.56,17182.0
994,41.714684,-87.5950287,1218.48,7.25,71108.0
995,41.8985491,-87.760604,5798.07,9.08,46483.0
996,41.8984251,-87.7703849,7521.44,12.46,38920.0
997,41.7106003,-87.6504857,3544.28,8.0,75462.0
998,42.0827922,-87.9566553,1602.21,2.1,131918.0
999,41.7008552,-87.6003086,896.49,19.72,38451.0
1000,41.689315,-87.6053698,2529.71,17.37,48469.0
1001,41.5682775,-87.6459054,911.37,11.9,52768.0
1002,41.4813216,-87.54963,512.44,4.3,49692.0
1003,41.6872391,-87.7193158,1595.74,0.66,93194.0
1004,42.1322418,-87.9920463,885.4,0.0,104306.0
1005,41.728669,-87.6090057,3200.79,2.91,39730.0
1006,41.7347514,-87.6096294,4437.17,9.76,77300.0
1007,41.7317114,-87.603328,6724.63,19.6,35292.0
1008,41.7898114,-87.7083655,7360.23,2.75,41600.0
1009,41.7819196,-87.7398608,4413.06,4.47,51579.0
1010,41.7815321,-87.7716353,5206.68,1.87,79750.0
1011,41.7421461,-87.6396893,2170.65,18.87,45663.0
1012,41.7396436,-87.6485811,5775.13,15.39,58030.0
1013,41.7335044,-87.6672855,4622.61,11.55,70223.0
1014,41.7336614,-87.6521168,3660.97,9.43,53929.0
1015,42.0444492,-87.75554,4652.26,1.3,56434.0
1016,41.9075487,-87.62679,24890.18,34.93,114681.0
1017,42.0374659,-87.6999151,2816.17,3.94,132875.0
1018,42.037529,-87.685499,4643.9,24.51,76444.0
1019,42.0376185,-87.6752631,3605.24,18.67,119476.0
1020,41.9074899,-87.6357987,16143.67,28.84,157112.0
1021,41.9074123,-87.6409015,14937.0,27.56,74319.5
1022,41.9504096,-87.7020149,8095.43,3.34,92614.0
1023,41.9211256,-87.6997541,9121.37,22.25,81264.0
1024,41.9216468,-87.6899513,9075.02,24.65,62500.0
1025,41.7028353,-87.6891011,1758.84,0.0,110625.0
1026,41.7027764,-87.677207,3193.83,1.96,148450.0
1027,41.7031071,-87.6651388,2986.12,2.05,118227.0
1028,41.9578451,-87.676373,7509.7,14.98,123929.0
1029,41.8127119,-87.6384046,4574.48,7.84,86705.0
1030,41.8049362,-87.6673039,10424.15,16.61,45283.0
1031,41.8048929,-87.6721661,10982.21,3.17,29194.0
1032,41.7444903,-87.5636922,5642.7,8.71,68475.0
1033,41.8162003,-87.7189132,932.57,0.0,52212.0
1034,41.8143799,-87.7307183,1181.48,19.45,74319.5
1035,41.7663063,-87.5994203,1417.81,31.1,45294.0
1037,41.8280549,-87.6907463,3487.32,5.31,51111.0
1038,41.8267718,-87.6993478,4094.18,4.68,39865.0
1039,41.8484448,-87.6173931,1088.98,10.03,103750.0
1040,41.9942585,-87.6786841,8697.19,14.69,49432.0
1041,41.8557716,-87.6746741,10133.88,20.49,78287.0
1042,41.7131024,-87.5498905,1694.41,3.37,56806.0
1043,41.8041449,-87.7307909,6071.41,10.6,50641.0
1044,41.8049921,-87.7191305,3694.51,9.3,75125.0
1045,41.7986015,-87.7324553,6371.61,1.54,77772.0
1046,41.8075339,-87.6983044,4001.81,10.29,49020.0
1047,41.8016566,-87.6404756,1129.42,12.61,32095.0
1048,41.9492206,-87.6519703,13447.83,25.95,127872.0
1049,42.0085406,-87.6949634,8127.58,5.16,84205.0
1050,42.0008746,-87.7018025,9923.41,13.0,61046.0
1051,41.8282731,-87.6006144,3251.62,28.48,30944.0
1052,41.7765908,-87.5760192,2503.15,7.34,56926.0
1053,41.7555676,-87.5836069,5832.24,1.35,57270.0
1054,41.8838116,-87.7600945,8041.72,36.71,26300.0
1055,41.8836759,-87.7698798,10099.36,27.78,29596.0
1056,41.9452818,-87.6615447,12417.67,17.52,133000.0
1057,41.9425769,-87.6470786,12845.87,42.89,110250.0
1058,41.9426914,-87.6517704,14893.49,40.05,99212.0
1059,41.9425847,-87.656644,13007.49,16.85,198333.0
1060,41.989584,-87.7830136,4981.46,0.0,109111.0
1061,41.7769506,-87.6232157,2277.52,60.8,27955.0
1062,41.988733,-87.8042597,2766.26,0.0,83271.0
1063,41.9155644,-87.7200744,4514.92,21.15,100847.0
1064,41.9079686,-87.6945342,8635.6,19.97,90185.0
1065,41.565404,-87.7780276,739.02,0.49,91881.0
1066,41.5178811,-87.6921427,522.88,1.68,77589.0
1067,41.6080768,-87.7686415,2398.28,2.02,73739.0
1068,41.6244575,-87.6852637,1541.93,1.58,58312.0
1069,42.0090199,-87.6727257,14398.07,36.91,52193.0
1070,42.0003207,-87.6631262,12445.1,37.38,18750.0
1071,42.0045173,-87.6633273,18887.28,31.86,55813.0
1072,42.0091482,-87.6786204,8354.86,12.09,70542.0
1073,41.6648048,-87.6266738,2072.91,0.0,63621.0
1074,42.0535227,-88.0899484,3115.42,5.29,97781.0
1075,42.0125737,-88.1575723,1620.94,0.8,86885.0
1076,42.1447311,-88.0774121,522.03,2.58,129358.0
1077,41.9768011,-87.7019748,4070.09,4.47,86979.0
1078,41.6572625,-87.8050069,1068.24,1.55,107052.0
1079,41.9210831,-87.7046499,8670.76,17.66,128243.0
1080,41.6301134,-87.615444,1583.85,1.25,53235.0
1081,42.1078684,-88.1306238,580.44,0.0,178385.0
1082,41.963374,-87.6701841,9380.22,33.0,93864.0
1083,41.5811669,-87.7574059,937.39,0.38,101429.0
1084,41.608418,-87.8133108,1948.35,0.7,94178.0
1085,41.4920556,-87.6918877,1206.25,0.6,86064.0
1086,42.054556,-88.1534872,472.22,7.65,78522.0
1087,42.1291604,-88.0248769,2097.36,0.0,100506.0
1088,41.9808497,-87.7360662,744.22,0.0,104107.0
1089,41.7312484,-87.7311338,3465.99,2.96,56841.0
1090,41.7241572,-87.7456175,2452.73,0.62,78059.0
1091,41.9490599,-87.6616427,11747.87,24.69,109479.0
1092,42.0654875,-87.6827043,2029.32,9.03,159500.0
1093,41.9869515,-87.6720788,8144.63,22.52,97143.0
1094,41.846501,-87.768491,9928.85,5.78,66161.0
1095,41.6960739,-87.7694862,2587.82,3.62,75979.0
1096,42.0329109,-87.8472073,2116.66,2.6,144931.0
1097,41.8040062,-87.7406144,5134.95,0.0,77125.0
1098,41.9504474,-87.6835073,7966.86,5.93,142548.0
1099,41.74711,-87.656884,6962.09,3.94,31473.0
1100,42.071667,-87.9432469,1827.81,1.77,109038.0
1101,42.0525535,-87.6992705,4070.39,4.67,48839.0
1102,42.0579521,-87.6864657,4715.53,20.96,43732.0
1103,41.8474705,-87.6635029,841.89,11.06,66172.0
1104,41.8493274,-87.7320218,1842.39,4.27,32404.0
1105,41.8162186,-87.6516951,1233.89,4.62,90521.0
1106,42.0207639,-87.7542195,3624.43,7.0,66984.0
1107,42.0597569,-87.718914,2787.04,0.79,193500.0
1108,42.0041886,-87.7487798,2157.69,0.0,108351.0
1109,42.0444535,-87.7210786,2519.58,4.05,146719.0
1110,42.0371751,-87.7285103,2432.98,10.45,97212.0
1111,41.9274146,-87.7804606,5776.53,3.78,71176.0
1112,42.0420219,-88.1141927,2002.66,2.22,112725.0
1113,42.0454459,-87.8897882,8171.13,2.72,69325.0
1114,41.7377492,-87.8542947,1141.07,1.23,96304.0
1115,42.059352,-87.7043588,2627.38,6.51,107000.0
1116,41.8130462,-87.6187192,6511.38,31.29,79868.0
1117,41.6834878,-87.5723063,180.54,12.71,29120.0
1118,41.9024036,-87.6561677,2107.99,10.59,167407.0
1119,41.8678935,-87.642968,2396.94,19.26,131803.0
1120,41.9912696,-87.6546676,27631.34,41.59,50696.0
1121,41.9827453,-87.6579659,21594.78,39.9,47614.0
1122,41.926811,-87.6426051,20826.7,61.2,78125.0
1123,42.0850701,-87.9894768,2832.31,1.39,115946.0
1124,42.0665152,-87.7174711,2901.2,2.73,183893.0
1125,41.9201522,-87.7802655,7720.06,5.01,55759.0
1126,41.9196348,-87.7296789,13132.92,3.85,77288.0
1127,41.9198285,-87.7375419,8460.46,13.26,70046.0
1128,41.9227112,-87.7218357,9669.88,9.56,73239.0
1129,41.8503452,-87.7434594,3899.59,4.66,47604.0
1130,42.001698,-87.6735738,7239.26,29.61,59364.0
1131,41.7415272,-87.7764294,2316.05,0.0,65513.0
1132,42.0171513,-87.8239849,2344.26,0.57,151131.0
1133,42.0025082,-87.8309177,2535.29,1.4,163182.0
1134,42.0887818,-87.7143339,1551.52,0.0,250001.0
1135,42.0723092,-87.7348644,2076.27,1.17,146890.0
1136,41.9651413,-87.6765775,7176.2,25.45,75500.0
1137,41.8773666,-87.6806521,4961.94,3.76,26673.0
1138,41.6635648,-87.637514,2733.21,5.7,47262.0
1139,41.7749275,-87.7299916,4934.26,1.06,59569.0
1140,41.7750931,-87.7177331,7447.08,0.82,60739.0
1141,41.8777066,-87.6173617,3735.74,23.96,162143.0
1142,42.0146472,-87.8470149,3114.44,0.72,142031.0
1143,42.0528083,-87.7228016,2408.85,0.66,114593.0
1144,42.0563811,-87.7395379,1935.27,5.19,74004.0
1145,41.7901579,-87.6862479,4647.51,5.31,47049.0
1146,41.7828495,-87.6860492,5526.46,9.41,33857.0
1147,41.9448491,-87.6908021,2036.01,4.4,191384.0
1148,41.7475316,-87.6707874,5460.95,17.86,39943.0
1149,41.8113309,-87.7478273,2072.35,11.53,46979.0
1150,42.0904797,-87.8242139,1108.64,0.54,121533.0
1151,41.8678233,-87.7008236,6164.44,7.12,18537.0
1152,41.8274428,-87.6192486,6008.2,25.07,65062.0
1153,41.7722986,-87.6567361,1385.61,27.11,18500.0
1154,41.9854762,-87.6583979,19870.69,48.09,54300.0
1155,42.034768,-88.2429903,1999.7,0.0,72031.0
1156,42.14642,-87.9094477,1121.55,2.34,79841.0
1157,41.5912288,-87.8035463,1952.35,1.44,97852.0
1158,41.6997625,-87.6280536,2673.76,19.79,22438.0
1159,41.6997531,-87.6376994,3180.91,6.44,68155.0
1160,41.7533918,-87.6419713,4769.52,18.27,23500.0
1161,41.7551131,-87.6514252,5467.91,25.59,28091.0
1162,41.7539184,-87.6709328,5654.1,15.71,44858.0
1163,42.1056862,-88.054146,1794.07,2.06,109779.0
1164,41.7607864,-87.7026636,5545.33,1.99,78778.0
1165,41.8713379,-87.7320094,4544.75,36.57,45086.0
1166,41.8792477,-87.6426203,16029.74,33.6,135243.0
1167,41.9753408,-87.8441356,8994.99,2.06,63155.0
1168,41.8268067,-87.6637641,3350.08,5.76,76667.0
1169,41.8417183,-87.6439322,12110.78,8.4,62599.0
1170,41.8565069,-87.6522613,11698.35,13.55,77991.0
1171,41.855248,-87.65474,9874.15,33.13,58321.0
1172,41.674278,-87.632166,3947.57,14.15,39632.0
1173,41.90056,-87.694197,11586.09,23.19,79583.0
1174,41.6886312,-87.6520493,2920.2,8.69,56504.0
1175,41.7885022,-87.7915033,4547.33,0.0,106375.0
1176,41.8388062,-87.7195244,12344.82,8.92,43632.0
1177,41.7455372,-87.7120355,4194.18,1.69,81065.0
1178,42.1498523,-88.0087908,5157.14,9.84,66000.0
1179,41.9609794,-87.6591666,4929.31,30.14,64330.0
1180,41.8867815,-87.8906599,4017.38,2.79,93947.0
1181,41.6192447,-87.5620408,3300.16,2.28,63966.0
1182,41.8926494,-87.6525227,6940.87,15.22,160370.0
1183,41.9123508,-87.751073,6111.73,4.13,49327.0
1184,41.930464,-87.6325582,8610.96,35.22,93523.0
1185,42.1317433,-87.9706739,2025.88,2.52,106316.0
1186,41.9208013,-87.694532,8683.72,27.49,104583.0
1187,42.0261538,-87.6670626,4827.42,6.07,120809.0
1188,41.9357489,-87.6809905,7320.6,9.58,154044.0
1189,41.9575311,-87.6666112,9762.09,14.88,135272.0
1190,41.9506049,-87.6713327,8820.06,27.37,140125.0
1191,41.9124417,-87.6701816,11837.1,6.18,166458.0
1192,41.6378233,-87.8374922,1683.7,0.0,115000.0
1193,41.9957734,-87.7942589,3671.27,3.56,107850.0
1194,42.0200706,-88.1290843,2065.11,0.4,110636.0
1195,41.7142651,-87.5600495,2906.23,10.46,55417.0
1196,41.7888698,-87.7719099,4453.88,1.61,95926.0
1197,41.9579036,-87.6715175,6745.65,16.82,89167.0
1198,41.769259,-87.6202039,4466.46,26.68,40722.0
1199,41.7546811,-87.6198472,3601.84,14.83,42708.0
1200,41.7548455,-87.6101685,4113.09,17.38,38816.0
1201,41.761401,-87.6564481,3478.96,16.91,34470.0
1202,41.7613256,-87.6612802,3210.56,12.64,74319.5
1203,41.8759745,-87.6938013,3696.0,20.25,51250.0
1204,41.8847504,-87.6841272,2859.66,20.86,58681.0
1205,41.8616224,-87.7079132,4415.86,27.06,26950.0
1206,41.8625775,-87.7201851,5678.6,17.28,21834.0
1207,41.9048777,-87.6497922,2558.35,21.6,102036.0
1208,42.0000406,-88.1525557,3840.03,9.2,80801.0
1209,41.8856736,-87.6987204,2032.55,5.11,48880.0
1210,41.8716191,-87.7055524,6825.0,31.75,18949.0
1211,41.5679857,-87.6651958,989.44,5.35,77143.0
1212,41.6887765,-87.6374383,2974.63,12.16,53586.0
1213,41.6888969,-87.6278036,3298.59,13.27,40700.0
1214,41.6891232,-87.6168215,3061.93,33.73,36480.0
1215,41.9859449,-87.6527656,14708.7,25.75,49816.0
1216,41.9636326,-87.6523656,28582.91,43.67,47188.0
1217,42.0443774,-87.7397696,3413.87,3.48,109125.0
1218,42.056765,-87.7557144,2015.84,5.17,84438.0
1219,41.7978755,-87.5766616,9099.02,26.55,71315.0
1220,41.7907156,-87.5768726,5270.2,38.27,52596.0
1221,41.7904552,-87.5897008,8428.51,24.26,123750.0
1222,41.7905618,-87.5940171,4077.02,17.5,111058.0
1223,41.8449684,-87.8240397,1674.52,0.0,59338.0
1224,41.8543592,-87.8584391,1180.12,8.19,51794.0
1225,41.8876729,-87.8200597,1909.44,2.59,138899.0
1226,41.4818613,-87.6619215,568.76,1.72,58244.0
1227,41.9204799,-87.6799746,8049.34,11.4,150682.0
1228,41.912008,-87.7043655,9835.28,13.3,90833.0
1229,41.8266641,-87.6799042,2922.54,14.49,69697.0
1230,42.005594,-87.8130961,4252.3,2.95,119421.0
1231,42.0152552,-87.8135872,3777.48,0.0,124667.0
1232,41.74766,-87.6609434,7022.33,39.61,35865.0
1233,41.941488,-87.6711073,8819.71,14.89,145903.0
1234,41.9359751,-87.6709843,7184.5,11.42,195357.0
1235,41.9058396,-87.714953,5034.17,1.88,68485.0
1236,41.9066918,-87.7103505,10853.95,17.76,70926.0
1237,41.8691188,-87.7560884,1407.61,7.16,33210.0
1238,41.8783233,-87.6986739,4467.4,38.25,41023.0
1239,41.9360862,-87.6661103,9369.48,15.01,151080.0
1240,41.9581538,-87.6530179,16887.53,36.37,69313.0
1241,41.9361586,-87.6612648,11307.97,10.2,166538.0
1242,41.936237,-87.6564113,12703.38,13.14,159088.0
1243,41.9363102,-87.6515617,10112.5,34.18,104052.0
1244,41.9415556,-87.6662882,11041.14,10.28,162500.0
1245,41.9382319,-87.6467799,14734.53,48.88,99483.0
1246,41.856333,-87.6595637,10200.79,15.34,73508.0
1247,41.8559903,-87.6649061,8460.6,34.16,62647.0
1248,41.5816302,-87.7858574,2079.79,1.17,78814.0
1249,41.9428681,-87.7013309,5016.04,5.46,107717.0
1250,41.935745,-87.7303057,5909.16,11.87,63077.0
1251,41.9063229,-87.7215397,8921.49,20.55,32576.0
1252,41.6533826,-87.5640315,554.38,2.95,70197.0
1253,41.609502,-87.6977125,531.66,1.49,46458.0
1254,41.6012262,-87.6081612,1737.71,2.36,76717.0
1255,42.0945849,-87.7592933,561.9,1.46,110156.0
1256,41.6759469,-87.7538185,633.0,2.95,72196.0
1257,41.6814296,-87.7027507,1767.95,2.41,55948.0
1258,41.6991418,-87.7532159,3138.87,0.0,64345.0
1259,41.786578,-87.6764044,1612.87,0.0,30313.0
1260,41.9889687,-87.8180411,3421.49,0.67,143137.0
1261,42.1404168,-87.8138846,628.97,5.85,133224.0
1262,42.0484208,-87.8665605,3123.7,2.06,67317.0
1263,41.7821533,-87.877102,1362.56,1.38,78083.0
1264,41.8183004,-87.7730128,1410.73,1.15,67067.0
1265,41.8102197,-87.6866436,11435.18,3.16,63333.0
1266,41.9141121,-87.9064379,1499.73,5.49,95236.0
1267,42.0182922,-87.989347,486.87,2.49,88614.0
1268,41.9792049,-87.7974007,3831.68,2.27,84000.0
1269,41.9421289,-87.9029937,482.17,1.22,70500.0
1270,41.697022,-87.8267818,1340.19,6.42,85109.0
1271,42.0550728,-87.9760987,1769.55,1.08,102727.0
1272,42.0537153,-88.0539871,536.97,2.3,98247.0
1273,41.9118688,-87.7100844,9226.12,2.99,72083.0
1274,41.9117866,-87.7149884,8499.01,1.27,58696.0
1275,41.9118202,-87.7215519,6250.9,3.96,51495.0
1276,41.9116892,-87.7339434,5848.92,18.05,28413.0
1277,41.8268332,-87.6729244,10957.46,5.28,65192.0
1278,41.7766993,-87.6665823,3429.66,8.53,40286.0
1279,41.7767771,-87.6617159,3731.74,24.66,15159.0
1280,41.7739015,-87.6713493,3418.86,22.16,28056.0
1281,41.7681722,-87.6696315,3113.68,7.72,34167.0
1282,41.9493528,-87.7815188,5745.38,2.31,105855.0
1283,41.7478366,-87.6488126,5556.96,26.08,30461.0
1284,41.5699745,-87.612075,262.07,1.81,55375.0
1285,41.7905639,-87.6523524,4509.63,5.64,39306.0
1286,42.0745454,-87.9711873,2192.05,1.09,140000.0
1287,41.8121922,-87.8974038,2360.42,0.0,206848.0
1288,41.7972017,-87.8949053,1418.47,0.0,189667.0
1289,41.8041801,-87.9071573,1557.84,0.0,218906.0
1290,41.892566,-87.659854,8925.36,18.99,124773.0
1291,41.9221532,-87.6294059,7435.53,33.88,118295.0
1292,41.8924327,-87.6696238,7191.6,8.14,136094.0
1293,41.8924781,-87.6647388,6985.78,24.34,128375.0
1294,41.9058206,-87.7608128,9762.68,11.67,44624.0
1295,41.9061855,-87.7514741,4685.83,21.68,63047.0
1296,41.9056935,-87.7706303,7011.8,0.0,65486.0
1297,41.8996698,-87.6698375,11637.9,14.89,179015.0
1298,41.851896,-87.8918596,2510.09,3.06,88550.0
1299,41.8271222,-87.8544213,2961.74,1.18,111096.0
1300,41.7030817,-87.6500793,2315.52,7.53,54531.0
1301,41.6972859,-87.6986083,3449.9,2.62,109583.0
1302,41.9426994,-87.7310023,7574.33,15.66,53969.0
1303,41.9558596,-87.7948168,2000.7,4.36,46571.0
1304,41.9212478,-87.6850971,10339.95,13.24,135236.0
1305,42.0086881,-88.1363775,3236.6,6.09,91875.0
1306,42.0220152,-88.100025,1807.75,0.0,133125.0
1307,41.8051233,-87.8684177,2723.3,0.0,200114.0
1308,41.6263396,-87.6451102,2332.29,12.56,43569.0
1309,41.6958345,-87.6520283,2828.41,12.06,52109.0
1310,41.836513,-87.6531428,9764.05,9.47,68526.0
1311,41.8161779,-87.6751022,2378.7,20.67,38984.0
1312,41.7760398,-87.6495479,3520.48,42.74,74319.5
1313,41.7687665,-87.6493595,2961.2,21.17,32583.0
1314,41.8202019,-87.6100974,4401.34,8.62,74319.5
1315,41.820574,-87.6149861,8009.11,24.36,25167.0
1316,41.7621961,-87.5903098,5475.33,18.23,36917.0
1317,41.7644133,-87.571373,6653.49,13.42,54375.0
1318,41.76075,-87.5712983,6145.01,15.88,45221.0
1319,41.7643139,-87.58127,11323.3,38.45,28528.0
1320,41.9128483,-87.7608528,7827.03,6.42,47550.0
1321,41.912905,-87.7754058,4213.78,13.88,46709.0
1322,41.7553011,-87.5711843,3660.95,8.54,57845.0
1323,41.9646282,-87.7427956,4644.3,4.43,107137.0
1324,41.9587931,-87.7383981,3507.21,2.11,124364.0
1325,41.9572681,-87.7308958,8646.62,15.25,77721.0
1326,41.621696,-87.5423651,2134.36,0.87,60833.0
1327,41.6239154,-87.5324077,1392.54,9.11,60668.0
1328,41.9573657,-87.7228238,7866.65,9.51,72325.0
1329,41.8635151,-87.8751418,2326.5,1.45,99302.0
1330,41.61487,-87.6640081,2081.86,5.72,39808.0
1331,41.9500821,-87.7226082,3679.3,4.93,114861.0
1332,41.6362111,-87.6335585,3938.63,8.11,48014.0
1333,41.6210473,-87.6644797,1318.18,17.79,30215.0
1334,41.8060181,-87.5943504,5618.72,14.42,76806.0
1335,41.8063837,-87.5825383,9963.45,20.65,67832.0
1336,42.0347272,-88.1389556,3966.81,1.88,83787.0
1337,41.8138434,-87.5906303,3840.48,24.81,65833.0
1338,41.813041,-87.5994765,7169.4,2.42,104441.0
1339,41.8132006,-87.6042089,8145.52,19.44,19475.0
1340,41.8059243,-87.6040582,7014.89,20.24,27232.0
1341,41.8059781,-87.5991987,5408.57,14.97,58194.0
1342,41.6280651,-87.5900943,2524.45,1.68,49803.0
1343,41.6363517,-87.6230152,3221.27,4.87,41411.0
1344,41.953848,-87.6437632,29307.4,38.07,81156.0
1345,41.8038481,-87.6211978,4643.55,3.95,46813.0
1346,41.8039557,-87.6138885,7805.89,4.28,58803.0
1347,41.7611983,-87.6711281,3311.25,4.95,38654.0
1348,41.9499766,-87.7306829,4656.47,4.4,102159.0
1349,41.94988,-87.738155,3508.83,1.2,158393.0
1350,41.9425489,-87.7385701,5547.94,2.61,70391.0
1351,41.760641,-87.5811851,4995.28,33.22,38173.0
1352,41.8408314,-87.660745,6416.98,21.58,65342.0
